red_wins,black_wins,epsilon,game_length,loss,mae,avg,med,std
1,0,0.999696,0.40476190476190477,0.017585088418014712,0.020874237159404174,-0.06243236917925969,6.764302088413388e-05,0.3479974210408212
2,0,0.999392,0.6190476190476191,0.02570942404108674,0.027960441046786855,-0.12498891517077482,8.365655230591075e-06,0.414581441597083
3,0,0.999088,0.40476190476190477,0.017762676861241777,0.02039684040926204,-0.0625380690035854,-4.756242706207559e-05,0.3479784356440097
4,0,0.998784,0.5714285714285714,0.018178596490830534,0.020207025602985595,-4.9864732682182444e-05,-5.594170070253313e-05,0.35355339112152673
5,0,0.99848,0.7857142857142857,0.02328476455455486,0.025622753932793785,0.1561663055103054,-9.810523479245604e-05,0.3631282051739527
5,1,0.998176,0.5952380952380952,0.013469553012001034,0.015529994286453075,0.03119307778288203,-5.94587269006297e-05,0.3045931639632202
6,1,0.997872,0.21428571428571427,7.365976265749641e-05,0.0025230896073935583,-5.38247997610597e-05,-5.4163590539246806e-05,8.731361352217259e-07
6,2,0.997568,0.6428571428571429,0.030385066418118195,0.03293686476737889,-0.0312643053971101,-1.5743350377306343e-05,0.4666610589592448
7,2,0.997264,0.5,0.02228062550553608,0.024150354499866467,-0.031231689425931103,2.2615880880039185e-05,0.3940489588590277
7,3,0.99696,0.2619047619047619,0.02241973592013932,0.024962665598252443,0.03128380294901944,3.427748451940715e-05,0.39404482649865685
8,3,0.996656,0.35714285714285715,0.017938731231670668,0.020126578877182055,-0.0624755722109967,2.41099092818331e-05,0.34798966025297867
8,4,0.996352,0.5,0.017847454797052922,0.020060840228666166,-0.06247897910893699,2.4023624428082256e-05,0.3479890482105852
9,4,0.996048,0.35714285714285715,0.03134077174384248,0.03324563534170011,0.031268689010903475,2.3927359143272044e-05,0.4666607649402478
9,5,0.995744,0.30952380952380953,0.01832240693294461,0.02081351271672216,0.06252086074969156,2.3836601758375765e-05,0.347981526044783
10,5,0.99544,0.40476190476190477,0.013448921978337275,0.015657815408985698,-0.031228445555734653,2.3796399182174356e-05,0.3045895347854708
10,6,0.995136,0.4523809523809524,0.013456640157794627,0.015621088302594899,0.03127982587966471,2.3678544675931337e-05,0.3045842635785762
10,7,0.994832,0.8571428571428571,0.01320983181774317,0.01585002195611196,0.031320346974462156,7.02433055266738e-05,0.30458010696493026
10,8,0.994528,0.30952380952380953,0.026470372537720666,0.029058892316697893,0.00014254065208659655,0.0001873543253168464,0.43301270819838256
10,9,0.994224,0.5238095238095238,0.008684579034523576,0.010846644599496358,0.0001843635163823014,0.0001916872337460518,0.2500000047594975
11,9,0.99392,0.5714285714285714,0.02189057032831787,0.025115192375324114,-0.09356381945544853,0.00022369847865775228,0.3840518882975397
12,9,0.993616,0.5952380952380952,0.017443790743347343,0.019942741978866252,-0.062303658474411355,0.00022778389975428582,0.34802054291401024
13,9,0.993312,0.42857142857142855,0.018076584158047013,0.020343801463752698,0.06272145027469377,0.00025413823314011095,0.3479455072361949
14,9,0.993008,0.5952380952380952,0.01783669964624951,0.020678082971556933,0.06275197804206982,0.0002882458386011422,0.3479400261884706
15,9,0.992704,0.5238095238095238,0.008606853884723684,0.011544342708162958,-0.06218951820337679,0.00033407295122742656,0.24214162542216122
15,10,0.9924,0.2857142857142857,0.013436833708823523,0.0158092137101562,0.03156068035605129,0.0003429175587370992,0.30455546286817825
16,10,0.992096,0.23809523809523808,0.008719952707499208,0.011683919317363234,0.00032105580539791914,0.00034252614714205267,0.2500000137437146
17,10,0.991792,0.8809523809523809,0.03942368956405362,0.04162393117258034,-0.21853133850818268,0.00028847716748714447,0.4832122939142244
18,10,0.991488,0.42857142857142855,0.01709655675627264,0.019919861783819215,-0.06225135225322448,0.00028396861162036655,0.34802994095462314
19,10,0.991184,0.6904761904761905,0.03124933164247512,0.033152405110286054,0.09399396466469624,0.00031760787824168806,0.45816504774553285
20,10,0.99088,0.9047619047619048,0.013548812749208494,0.01598280184498435,0.0940615484927548,0.00033677633618935945,0.29138039115044373
21,10,0.990576,0.7380952380952381,0.004270370573067339,0.0070833430563652655,-0.030875966813619014,0.0003876970149576664,0.17405981473179943
21,11,0.990272,0.8333333333333334,0.031269256079028196,0.033878827687658486,-0.09345402762191952,0.0003898826893419027,0.4582755252345218
22,11,0.989968,0.7857142857142857,0.012883801594890443,0.015952052946886397,-0.0934551177888352,0.00033293041633442044,0.2915754400231521
22,12,0.989664,0.6428571428571429,0.022169850997970197,0.0251858349261056,-0.09353980518862955,0.0002384087187238038,0.3840577529517081
22,13,0.98936,0.3333333333333333,0.013159336403994804,0.015306482318919734,-0.031048462024773467,0.00022199114318937065,0.3046080068325793
22,14,0.989056,0.5476190476190477,0.012764612006450626,0.015555986546587519,-0.09355021109586233,0.00022040631156414748,0.2915448542656503
22,15,0.988752,0.38095238095238093,0.030871091319009447,0.033369720813198,-0.09359546066189069,0.00019084672676399352,0.4582465718555536
22,16,0.988448,0.5,0.01286343949990798,0.015711983400251484,-0.031102421148898426,0.00016212871414609254,0.3046024678729681
23,16,0.988144,0.4523809523809524,0.01786318035008927,0.020706266579509247,-0.06236498976613804,0.00016062193317338826,0.3480095242546613
23,17,0.98784,0.9285714285714286,0.022364057623553535,0.024718913516835528,0.031419465500221136,0.0002102557453326881,0.39403407415772906
24,17,0.987536,0.40476190476190477,0.025914193013292494,0.02842440088704734,-0.12479327289984213,0.0002367606619372964,0.4146404374185895
25,17,0.987232,0.6666666666666666,0.004185287189718279,0.006896541752098528,-0.030951642453874224,0.0003089111181907356,0.17404622295643693
25,18,0.986928,0.38095238095238093,0.013699654867030286,0.015611948725677394,-0.03102156634704442,0.0002421959536150098,0.3046107688819244
25,19,0.986624,0.5952380952380952,0.04068892072003727,0.042550155899220954,0.15641146179114002,0.00022482926724478605,0.5067400624505584
26,19,0.98632,0.40476190476190477,0.017953202235684758,0.02004194379480495,-0.062304778508405434,0.00022307225735858084,0.3480203415476649
27,19,0.986016,0.38095238095238093,0.013078738641593028,0.015518592820058075,-0.09354844351837527,0.0002223308896645904,0.29154542277824674
28,19,0.985712,0.4523809523809524,0.02669030141444695,0.02886261039770943,0.06272478412429336,0.0002889271941967309,0.4284456374131161
29,19,0.985408,0.6666666666666666,0.03153554576444978,0.03328295352781652,0.09399121456153806,0.0003093328210525215,0.45816560986412397
29,20,0.985104,0.5238095238095238,0.021565840669173886,0.02455840753123084,-0.09348941739081054,0.0003088114899583161,0.38407005782010945
30,20,0.9848,0.6666666666666666,0.01723376226031803,0.019723252756193688,0.0002693823284062043,0.0003078400506637991,0.3535534052541165
31,20,0.984496,0.8809523809523809,0.026962001178585382,0.02913753184657253,0.00021522716197068525,0.0002599225728772581,0.43301271467434593
32,20,0.984192,0.8095238095238095,0.008761380834734211,0.011993836273177294,0.0002631692164868568,0.0002892441349104047,0.2500000100071795
32,21,0.983888,0.2857142857142857,0.008734487090063858,0.011613694313837186,-0.06221839157151408,0.00030052837682887913,0.24213417012183344
32,22,0.983584,0.2619047619047619,0.021974544441280663,0.02521445778575071,-0.09349683796390308,0.0003000245895236731,0.3840682455638645
32,23,0.98328,0.6190476190476191,0.018682729071068604,0.020939185174256636,0.06276198479245065,0.00029949476011097436,0.3479382297278132
33,23,0.982976,0.5714285714285714,0.022019855381607435,0.02443675935774081,-0.09349443880710168,0.0002989704487845302,0.38406883151201177
34,23,0.982672,0.4523809523809524,0.017486159442213933,0.02031845477392835,-0.12473824642875116,0.00029863460222259166,0.3308178474351879
34,24,0.982368,0.5476190476190477,0.013575600627091955,0.016229790588113246,0.03155006255110492,0.0003352145897224546,0.30455655251026637
34,25,0.982064,0.5714285714285714,0.035787842606259446,0.03809130498439117,0.00028389400613377386,0.00037877819268032913,0.5000000268706535
34,26,0.98176,0.30952380952380953,0.013215628933141765,0.016572774242831656,-0.03091246526892064,0.0003787884605117143,0.304621971206187
34,27,0.981456,0.7619047619047619,0.017351514320234074,0.02022961508100707,-0.06217605165875284,0.00037297407398000364,0.3480434722571951
35,27,0.981152,0.5714285714285714,0.017746117145608586,0.020391958623349637,-0.06216991173787392,0.00037724941503256557,0.34804457559090685
35,28,0.980848,0.38095238095238093,0.027397648464314805,0.02880635022847855,0.18780583280677093,0.00037648956058546903,0.3901654575718251
35,29,0.980544,0.5,0.02559368160568436,0.029068001921586983,-0.12469465304893673,0.0003757895086891949,0.41467018008767226
36,29,0.98024,0.5,0.018249776568516556,0.02054765724356855,0.000328339752013556,0.00037518610479310156,0.3535534123737162
36,30,0.979936,0.6904761904761905,0.013480633009963022,0.015780967620457886,-0.03091102994876565,0.000373885128647089,0.30462211839362946
36,31,0.9796320000000001,0.5714285714285714,0.04416765828998692,0.0466225805207614,-0.06224434280593413,0.00037349925842136147,0.5555409407695213
36,32,0.979328,0.4523809523809524,0.013166649886984905,0.015805579970901817,-0.030914159445819683,0.00037194313481450083,0.30462179701329106
36,33,0.979024,0.3333333333333333,0.02620990374732579,0.028759686869534562,-0.06217032786371419,0.0003816619981080294,0.4285265281558788
36,34,0.97872,0.2619047619047619,0.013296526744233983,0.01718502816675027,0.031718219483445866,0.0005108281271532178,0.3045393190505586
36,35,0.978416,0.38095238095238093,0.018433682182342537,0.020051735708420892,0.06300799037853722,0.0005840900586917997,0.3478940759837196
37,35,0.978112,0.6190476190476191,0.008771499772681324,0.011075506722590944,0.0005493286967976018,0.0005860076984390617,0.25000004023510725
38,35,0.977808,0.5476190476190477,0.02523877010692921,0.02869892830221943,-0.18702485066460212,0.0005846968619152904,0.3905406292576019
38,36,0.977504,0.30952380952380953,0.031573644714855575,0.033747194709576434,0.09416489170544085,0.0005262274295091629,0.45813010573625207
39,36,0.9772,0.30952380952380953,0.026755946335152103,0.029083909562359622,-0.06204196134931407,0.0005681344075128437,0.42854527580225427
39,37,0.976896,0.5,0.00937267996750979,0.01206733049275499,0.06304226078354987,0.0005785179324448109,0.24192144800576848
40,37,0.976592,0.5476190476190477,0.009665121313432667,0.01177052230150366,0.06304125772148837,0.0005773545010015369,0.241921706995542
40,38,0.976288,0.4523809523809524,0.031813607927642984,0.033409954037324496,0.09420412040926748,0.0005763069028034806,0.4581220882596552
40,39,0.975984,0.5238095238095238,0.0269507408381926,0.02917963468553353,0.00047590447502443567,0.0005823033861815929,0.43301276230917574
40,40,0.97568,0.6904761904761905,0.022636219293954752,0.024726428382052745,0.03169295205007075,0.0005184115376323462,0.39401242322379815
41,40,0.975376,0.35714285714285715,0.008571394990516956,0.011699708375545015,-0.06202871401037555,0.0005023227306082845,0.24218314465863192
41,41,0.975072,0.2619047619047619,0.03545978261747629,0.03781441199794244,0.0003827728927717558,0.0005017819814383984,0.5000000489838121
41,42,0.974768,0.2857142857142857,0.026381102360755415,0.0294252439673528,0.0004592113094986326,0.0005673380568623544,0.43301275811240336
41,43,0.974464,0.35714285714285715,0.02170238635739548,0.024688022364728113,-0.1557682980215759,0.0005708956392481923,0.3632994802336556
42,43,0.97416,0.40476190476190477,0.017179792760835387,0.019861219639750516,0.000551335592172103,0.0006222991738468409,0.3535534537022849
42,44,0.973856,0.4523809523809524,0.013502450541445447,0.016179944395247503,-0.030611974817293223,0.0007059619762003422,0.30465284539685894
43,44,0.973552,0.40476190476190477,0.017810926682678696,0.02040382749123637,0.0006197160211741035,0.0007081362651661039,0.35355346818286815
43,45,0.973248,0.5952380952380952,0.013202181513195077,0.015851450821855906,-0.030609775584889577,0.0007062288466840983,0.3046530714243802
44,45,0.972944,0.21428571428571427,0.023175476321523725,0.02554696208335372,0.03184549054130913,0.0007058528019115329,0.39400036168704644
44,46,0.97264,0.5952380952380952,0.018187772435018346,0.02086128305472812,0.0006161707045976156,0.000704129389487207,0.3535534672979313
44,47,0.972336,0.7142857142857143,0.017636513289303934,0.020629970650588803,-0.061885331911616964,0.000702405022457242,0.3480957303459849
45,47,0.972032,0.38095238095238093,0.017490054414771805,0.020052638173183368,-0.1244322149635991,0.0006371353752911091,0.3309335171259412
45,48,0.971728,0.5714285714285714,0.02705159135612689,0.029486207286936406,0.0005274923547403873,0.0006458939518779517,0.4330127766083028
46,48,0.971424,0.3333333333333333,0.00454640183928845,0.007736647806268593,-0.03057811106264126,0.0006943274755030871,0.17411331116426823
46,49,0.97112,0.6190476190476191,0.0302710017175869,0.032988332815875765,-0.09320718834205763,0.0006947945104911924,0.4583260817216652
46,50,0.970816,0.5952380952380952,0.03662261204681272,0.038551762045244686,0.06301915886142523,0.0006938809528946877,0.4960130492286788
47,50,0.970512,0.35714285714285715,0.013510610099004339,0.015235600418236572,-0.030699682503473005,0.0006066394736990333,0.304643832943572
47,51,0.970208,0.4523809523809524,0.03993409160906225,0.042505470153628266,-0.09337762900686356,0.0005149159347638488,0.5220448369258416
48,51,0.969904,0.5,0.018046037674366744,0.020774700582478545,0.0004074522206792622,0.00046421331353485584,0.3535534241626476
49,51,0.9696,0.42857142857142855,0.02141439469131967,0.024094708494885708,-0.030822634021751574,0.0005140222609043121,0.39408144094394526
50,51,0.969296,0.4523809523809524,0.017259695554947996,0.02005551481124712,-0.062034599571779835,0.000532300234772265,0.34806889547462166
50,52,0.968992,0.5714285714285714,0.013259050643426917,0.015748719446492032,0.031732281329459516,0.0005322661250829697,0.30453787774032665
51,52,0.968688,0.3333333333333333,0.017544554714842064,0.019787740110587038,0.06301424921111902,0.0006010231329128147,0.34789295584693763
51,53,0.968384,0.5714285714285714,0.013964282600298361,0.01665757520004263,0.0318514874423272,0.0006685086991637945,0.3045256673865929
52,53,0.96808,0.42857142857142855,0.008623763558659903,0.011302863329547108,-0.06192929049429949,0.000605576322413981,0.2422088158028971
52,54,0.967776,0.9047619047619048,0.040269048986314004,0.042615547376954055,-0.09331306728854541,0.0006006867857649923,0.5220564502355511
52,55,0.967472,0.2619047619047619,0.01799574016665062,0.02113215207373287,0.00047463362716371194,0.0005373610416427255,0.3535534363388198
52,56,0.967168,0.47619047619047616,0.004524076866893267,0.007673011801671237,0.031805826399067885,0.0005822654347866774,0.17389280806477453
52,57,0.966864,0.6904761904761905,0.013417032637800475,0.015848290259782516,-0.030710605505737468,0.0005953725194558501,0.3046427083552598
52,58,0.96656,0.7619047619047619,0.01350809831648192,0.015897081259936385,-0.030745819582080003,0.0005471841897815466,0.3046390907832663
52,59,0.966256,0.35714285714285715,0.027313827166040028,0.02869259637191135,0.1254365195010905,0.000528274686075747,0.4144465156831703
53,59,0.965952,0.5,0.008684129124166162,0.011657982784527121,-0.061950762468040925,0.0005871049128472806,0.24220327168977326
54,59,0.9656480000000001,0.5714285714285714,0.013637085991902609,0.015698174305725843,-0.030715662760485422,0.0005896225105971099,0.30464218866341874
54,60,0.965344,0.3333333333333333,0.017485435268547178,0.020317287866419065,-0.06198474180564517,0.000588804972358048,0.34807785795956203
54,61,0.96504,0.35714285714285715,0.013084598822146631,0.016121164931973908,-0.09321766004868551,0.0005872356705367565,0.29165181390963224
54,62,0.964736,0.6190476190476191,0.013908309263875651,0.016102043737191707,0.09428142527904129,0.0005865213228389622,0.29130967109850675
54,63,0.964432,0.9285714285714286,0.02338744076335786,0.025357702856126707,0.09424304119165754,0.0005843743914738298,0.38388609937497803
55,63,0.964128,0.5476190476190477,0.018153223871159696,0.0204738090524188,0.1255164958682144,0.0005837264470756054,0.3305236970863516
56,63,0.963824,0.7619047619047619,0.013758749459327646,0.016094158535452152,0.03188916483341017,0.0007161499932408333,0.30452180943213525
57,63,0.96352,0.4523809523809524,0.017012927824374913,0.01947904440385173,-0.12436408541834679,0.0007267289562150837,0.330959267003092
57,64,0.963216,0.5,0.009327201650716432,0.011881406022439478,0.0006797371708671514,0.0007249650312587619,0.25000006160585164
57,65,0.962912,0.3333333333333333,0.022037740139744244,0.02428871070878813,-0.09317762664868497,0.0006676994264125824,0.3841462204443732
58,65,0.962608,0.6666666666666666,0.013509895262785676,0.015889909209363395,0.03183611994900275,0.0006466349819675088,0.30452724105391393
58,66,0.962304,0.6190476190476191,0.012971340484789096,0.01582774282178434,-0.03066634194256039,0.0006437186850234867,0.3046472572838345
59,66,0.962,0.5238095238095238,0.02217783987711286,0.02440649522759486,-0.030704811101895775,0.0006443081656470895,0.39409081042703836
59,67,0.961696,0.8571428571428571,0.025878976937175224,0.028820141976211744,-0.12447884184803114,0.0006412640912458301,0.4147352796861285
59,68,0.961392,0.21428571428571427,0.022417813340998904,0.023997749918635236,0.031790722186269695,0.0006410952424630523,0.3940046909720466
60,68,0.961088,0.30952380952380953,0.013313924137873023,0.015593127129250206,-0.030670530967472586,0.0006394325289875269,0.30464682675350774
60,69,0.960784,0.5,0.012916917092304914,0.015449616246769438,-0.03067235159396659,0.0006372905103489757,0.3046466396401649
61,69,0.96048,0.40476190476190477,0.009367646880633629,0.011106625202046416,0.06309604384150587,0.0006359299179166556,0.24190756128046817
62,69,0.960176,0.7142857142857143,0.017572310149768455,0.019954554702962923,-0.06194531152868876,0.0006338231498375535,0.34808494654775224
62,70,0.9598720000000001,0.47619047619047616,0.018024926933540186,0.02088177933001134,0.0005540830607060343,0.0006333405850455166,0.3535534526184462
62,71,0.959568,0.5,0.02285597010757101,0.02525805613004195,0.09431935340253403,0.0006896389881148935,0.3838674829092454
63,71,0.959264,0.35714285714285715,0.017868865096730246,0.0198664848721819,0.063123194151558,0.0007129974430426956,0.3478734054433007
63,72,0.95896,0.6904761904761905,0.008802422867496773,0.011756755181522749,0.0007139667053706986,0.0007710841484367848,0.25000006924868773
64,72,0.958656,0.4523809523809524,0.022141976676540054,0.02437361980719288,0.03191818439518102,0.0007921576965600253,0.39399461754602033
65,72,0.958352,0.7142857142857143,0.021969053320378018,0.024547021179159856,-0.0930869055329822,0.0007912986911833286,0.3841683865899677
66,72,0.958048,0.40476190476190477,0.009328954148901891,0.011895704626113002,0.0006711317037115735,0.0007125301752239466,0.2500000602139187
67,72,0.957744,0.2857142857142857,0.00876326213331624,0.011306982367841556,-0.0618932448720443,0.0006366670597344637,0.24221812368199858
67,73,0.95744,0.6190476190476191,0.013184046619370005,0.016031226780341967,-0.030686627909017265,0.0006213135784491897,0.304645172438164
67,74,0.957136,0.6428571428571429,0.03176307121220634,0.03409922960008771,0.09418798902333948,0.0005573317408561707,0.4581253851769109
68,74,0.956832,0.30952380952380953,0.018044778669133288,0.020905049415262056,0.0004614385601598714,0.0005371453240513802,0.35355343403348893
69,74,0.956528,0.6666666666666666,0.02242594969053685,0.024855998388375156,0.03168209352297709,0.0005201156018301845,0.39401328215215253
69,75,0.956224,0.2857142857142857,0.02256967327261461,0.024339600652638183,0.031698263950238476,0.0005314254900440574,0.3940120026273574
70,75,0.95592,0.6666666666666666,0.02663998975290305,0.02910672651364621,-0.06207141333579784,0.0005303952377289534,0.4285409732648244
70,76,0.955616,0.5238095238095238,0.021772775673430056,0.02395411726479324,-0.0933604379199096,0.000456265127286315,0.38410156029040426
70,77,0.955312,0.5952380952380952,0.0262311203945238,0.028656477466711294,-0.12462337753968314,0.00045945523306727414,0.41469167882460256
70,78,0.955008,0.7142857142857143,0.01702984987601619,0.019739729370485293,-0.06210792910860619,0.0004468528321012855,0.34805571512010886
70,79,0.954704,0.4523809523809524,0.03525924980753459,0.03753617678057708,0.0003534204704919851,0.0004686499247327447,0.5000000421108987
71,79,0.9544,0.2619047619047619,0.026848436754832283,0.028921211689066695,0.06296196167822926,0.0005757189821451903,0.4284110809749589
72,79,0.954096,0.19047619047619047,0.01820756380426558,0.020091589011826727,0.06309725529281421,0.0006991558242589236,0.3478780609041006
72,80,0.953792,0.7619047619047619,0.026517227443851488,0.027890934938454848,0.0005912837019423058,0.0007283586310222745,0.4330127950557553
72,81,0.953488,0.16666666666666666,0.022512082725157673,0.024530558196147467,0.03186439506243915,0.0007279366720467806,0.39399886765556313
72,82,0.953184,0.6190476190476191,0.004562601043878178,0.007488905702984994,0.032005728800140784,0.0007865671999752522,0.17385690403143583
72,83,0.95288,0.5476190476190477,0.0208602412068003,0.02399981501309867,-0.1555806716904044,0.0007932767737656832,0.36338022175123563
73,83,0.952576,0.6904761904761905,0.02746859805451468,0.02934570068418907,0.06314680524228607,0.0007887882180511953,0.42838416875176705
74,83,0.952272,0.5714285714285714,0.031097240361735334,0.033088697659422905,-0.09310033709625713,0.0008343791123479605,0.45834797664786636
74,84,0.951968,0.47619047619047616,0.022389184050259914,0.02462502671096445,0.0319171448063571,0.0007899554912000895,0.393994699682841
75,84,0.951664,0.42857142857142855,0.013543768896410846,0.015632807902875356,-0.03053775485459482,0.0007859553676098586,0.30466047545186037
75,85,0.95136,0.3333333333333333,0.004875189482357989,0.007233957789139822,0.031958208358264524,0.0007255305303260685,0.1738654390642142
76,85,0.951056,0.5238095238095238,0.021943981847745597,0.024405222133282223,-0.09314806201873581,0.0007130973506718875,0.3841534432619509
77,85,0.950752,0.5476190476190477,0.030620612887156007,0.03242918415253371,-0.03066700346244032,0.0007498908089473844,0.46670115751637964
77,86,0.950448,0.7857142857142857,0.02288988434943029,0.025264896899898304,0.09440647836454444,0.0007782722590491177,0.3838462291268711
78,86,0.950144,0.2619047619047619,0.031774036061459565,0.03405144849602948,0.09435966999153605,0.0007766494993120432,0.45809030606817874
79,86,0.94984,0.3333333333333333,0.004517444298229201,0.006481834225269267,-0.03044352563738357,0.0008354808669537306,0.17413748360450834
79,87,0.949536,0.7619047619047619,0.01361794744058642,0.015574440854834393,0.09451158909650986,0.000840488262474537,0.2912356426441
79,88,0.949232,0.6428571428571429,0.004232657245267113,0.006734424574460718,-0.030437402267125435,0.0008386350702494383,0.1741385832002347
80,88,0.948928,0.5476190476190477,0.018687546985156622,0.020901274612697307,0.06323292688757647,0.0008375618141144514,0.3478537205196761
80,89,0.948624,0.8809523809523809,0.030492482021833744,0.03349659388550208,0.03190516397880856,0.0008372832089662552,0.4666182700595489
81,89,0.94832,0.2619047619047619,0.01397117101125378,0.01622020244894884,0.032057914751931094,0.0008970907889306547,0.30450453276718303
82,89,0.948016,0.19047619047619047,0.027517281836095364,0.029673921876565146,0.06323211352864747,0.0009013982489705086,0.42837175385323756
83,89,0.947712,0.5952380952380952,0.00860176785134037,0.011479740936010785,-0.061657296578050594,0.0008987732231616974,0.24227904422617189
83,90,0.947408,0.35714285714285715,0.02297938445510539,0.024571065692725824,0.03200614512315951,0.0008958319202065467,0.39398767025294484
84,90,0.9471040000000001,0.40476190476190477,0.017447599193658014,0.020321718072409567,0.0007870516623370259,0.0008949351031333208,0.3535535158625762
85,90,0.9468,0.38095238095238093,0.017914006137322414,0.01999200167847448,-0.0616621227323776,0.0009604250546544791,0.34813587149515596
86,90,0.946496,0.6428571428571429,0.022342448391377445,0.024775345676971483,0.0320647022308549,0.0009656153153628111,0.3939830472564783
87,90,0.946192,0.5238095238095238,0.02139794168214948,0.024358722465422034,-0.15543622593977488,0.000964409951120615,0.363442381305049
87,91,0.9458880000000001,0.5238095238095238,0.01764020639532138,0.019896771689673187,-0.061656481039244676,0.0009640190284699202,0.34813688617628175
88,91,0.945584,0.7142857142857143,0.01766563387030118,0.020280499917134875,0.0008420317783020478,0.0009624579455703498,0.3535535338367749
88,92,0.94528,0.42857142857142855,0.017570899480505275,0.02005754394849646,0.0008402362116612522,0.0009594810195267202,0.35355353323567534
89,92,0.944976,0.5238095238095238,0.021757340864656527,0.02417747241543111,-0.09289297869254369,0.001019616099074483,0.38421577947747115
90,92,0.944672,0.4523809523809524,0.021492529507607827,0.023972115278866113,-0.09288048611779232,0.001030530408024788,0.3842188326501004
91,92,0.944368,0.8571428571428571,0.03532572995545635,0.03785255405091448,-0.06171786165796221,0.001039423979818821,0.4961771067735989
92,92,0.944064,0.40476190476190477,0.013279372011698598,0.015534985271187907,-0.09276620455202647,0.001090215751901269,0.2917970175519774
92,93,0.94376,0.5952380952380952,0.01308199739657212,0.015526848557783524,-0.09275556275679264,0.001097542466595769,0.29180044000000765
93,93,0.943456,0.30952380952380953,0.02302767660082594,0.024976114647870418,0.03217355757369661,0.0010947895236313343,0.3939744574299503
93,94,0.943152,0.7380952380952381,0.022679892800546497,0.02493705185224826,0.032170647775637926,0.0010911194607615472,0.39397468697469784
94,94,0.942848,0.2619047619047619,0.02166139044869908,0.025714159508424927,-0.030331003625178717,0.0010891287121921778,0.3941205794834709
94,95,0.942544,0.5476190476190477,0.017565541618388636,0.01977861798241065,0.0009810681163799073,0.0011235015932470561,0.35355358597042236
95,95,0.94224,0.5952380952380952,0.013439765737549791,0.016059642866821378,-0.03019501784874592,0.001164824143052101,0.3046957318746205
95,96,0.941936,0.5,0.022532135215499238,0.02553628963232768,0.032231125651742326,0.001163043733686209,0.3939699168829952
95,97,0.941632,0.6666666666666666,0.026474461881910827,0.029480648545359145,-0.12406274637032766,0.0011606808751821519,0.4148608396935701
96,97,0.941328,0.47619047619047616,0.013171409684961333,0.01578047829116258,-0.030322963267099115,0.001011189166456461,0.3046825674041327
96,98,0.941024,0.42857142857142855,0.008687861640675365,0.0114749795429816,-0.06156857044261415,0.000993297714740038,0.2423019532191637
97,98,0.94072,0.6190476190476191,0.0365806242465343,0.0386035356168577,0.18824267118179705,0.0009909043088555337,0.46321208119087176
98,98,0.940416,0.6904761904761905,0.026139853103053112,0.028049748620787796,0.000804115069331604,0.0009870377369225027,0.43301287424570856
99,98,0.9401120000000001,0.47619047619047616,0.008737800026155873,0.011131448440664826,0.0009868081513559508,0.001057642651721835,0.2500001300792266
100,98,0.939808,0.30952380952380953,0.01821460066570385,0.01994284016086567,0.0009303274739068043,0.0010633280035108328,0.35355356545266237
100,99,0.939504,0.2619047619047619,0.02225100977118788,0.024746124516923373,0.03215286148770247,0.0010616106446832418,0.39397609042872445
101,99,0.9392,0.40476190476190477,0.03139650883315479,0.033675879248249885,-0.03044193412351888,0.0010188222397118807,0.46671632266013474
102,99,0.938896,0.7142857142857143,0.021243690559820103,0.024160274150290206,-0.155421288771322,0.0009808003902435304,0.36344880924862333
102,100,0.938592,0.5,0.012931702527023026,0.015890520615016612,-0.09286419392738025,0.00097738029435277,0.2917655005481117
103,100,0.938288,0.4523809523809524,0.027390066967522442,0.029476367211373145,0.06329205367364919,0.0009747589938342571,0.4283630330267123
104,100,0.937984,0.6666666666666666,0.022206787646770643,0.025156635903385904,0.09459845042147207,0.0010165618732571602,0.383799409786906
105,100,0.93768,0.5476190476190477,0.022175697104350967,0.02505187470205783,-0.030365608958527437,0.0010491622611880302,0.3941178209446064
106,100,0.937376,0.42857142857142855,0.00930747226630163,0.01220993831452688,0.0009835335600655581,0.0010489686392247677,0.2500001289787067
106,101,0.937072,0.5714285714285714,0.008639515095604455,0.011290770785080895,0.0009863518469501328,0.0010481129866093397,0.25000012990718684
107,101,0.936768,0.6190476190476191,0.021786565951206427,0.024390382034653157,-0.09281106108683161,0.0011156432796269656,0.38423580246188854
107,102,0.936464,0.5714285714285714,0.01316155700126409,0.01575987959063241,-0.03023285791277886,0.0011223433539271355,0.30469183760951857
107,103,0.93616,0.30952380952380953,0.03123584162264903,0.033537914913495115,-0.03035935317457189,0.0011217987164855005,0.4667218932211732
107,104,0.935856,0.7142857142857143,0.02356551531009643,0.024845110444402962,0.09475776776380371,0.0011951970867812634,0.3837605622255405
107,105,0.935552,0.30952380952380953,0.022472951279524978,0.024287528636705247,-0.0302441563020693,0.0011938967742025854,0.3941275048967986
108,105,0.935248,0.4523809523809524,0.025717258122504916,0.028739465337821457,-0.18659563110850286,0.0011146937496960164,0.390746820468371
109,105,0.934944,0.42857142857142855,0.004813080382216839,0.007207916130028025,0.03225236699800007,0.0010323348455131055,0.17381260608501098
110,105,0.93464,0.7857142857142857,0.02701389677986299,0.028943581050043576,0.0008313143596751539,0.0010230344720184802,0.4330128860469556
110,106,0.934336,0.5952380952380952,0.031704616794201,0.03373677206764114,0.03205139385827352,0.001020708028227091,0.4666085407032369
111,106,0.934032,0.6904761904761905,0.013523985358741442,0.016602694704488385,0.03217476855788845,0.0010196370538324117,0.30449257453060863
111,107,0.933728,0.5952380952380952,0.031215135401904348,0.0336048156450488,-0.03045728965662419,0.0010144994594156742,0.46671528563600057
111,108,0.933424,0.2857142857142857,0.0174422088528825,0.02038962341248407,0.0008862648712238234,0.0010130957700312138,0.35355354928141874
112,108,0.93312,0.6666666666666666,0.031331031381473196,0.03359944270141568,-0.030441014800453567,0.001022905530408025,0.4667163836811921
113,108,0.932816,0.30952380952380953,0.01837629505172078,0.020760601073561702,0.06336334543302655,0.0009767932817339898,0.34783033180150835
113,109,0.932512,0.8333333333333334,0.018279453509726373,0.020311774166202667,-0.06168256228265818,0.0009334060363471509,0.34813219497880965
114,109,0.932208,0.40476190476190477,0.04008833715757287,0.04241888903106883,-0.15565539914096005,0.000813936023041606,0.5069732647782309
114,110,0.9319040000000001,0.40476190476190477,0.01770368927564192,0.020264798225980485,0.0006249243408092305,0.0007116781082004309,0.3535534695413146
115,110,0.9316,0.4523809523809524,0.026835839551774043,0.029125175462468178,0.0005742036722949755,0.0007066415855661035,0.43301278975028057
115,111,0.931296,0.21428571428571427,0.022580063985051524,0.02479783532635338,0.09434495714231161,0.0007051125401630997,0.38386123610832207
115,112,0.930992,0.3333333333333333,0.03576108267701428,0.03772431517836594,0.063028147649311,0.000704449019394815,0.49601191973989495
115,113,0.930688,0.5952380952380952,0.022281314148781872,0.024309062977408757,0.03184202608972558,0.0007015896262601018,0.3940006355026814
116,113,0.930384,0.5476190476190477,0.027093637035198626,0.029282863143407667,0.1880950117847533,0.0007430497091263533,0.390026541629236
116,114,0.93008,0.5,0.017897195508161712,0.020080557686924294,-0.06170815746590961,0.0009134411811828613,0.34812759186421066
117,114,0.929776,0.40476190476190477,0.009244172194454947,0.011087458256952232,0.06335394846682903,0.0009111836086958647,0.2418409705943471
117,115,0.929472,0.8333333333333334,0.01301522589895443,0.015146521328460949,-0.030428120680153364,0.0009067503735423089,0.3046717493245595
118,115,0.929168,0.40476190476190477,0.02259404225689199,0.024358489580663445,-0.03051184578798712,0.0008691864088177681,0.3941061703844433
118,116,0.928864,0.40476190476190477,7.890540167121429e-05,0.0027297900860503432,0.000832920495304279,0.000832047313451767,3.1481704758374597e-06
119,116,0.92856,0.21428571428571427,0.03153273715495786,0.033761137999135826,-0.09310637896705884,0.0008226005360484124,0.4583467382333562
119,117,0.928256,0.40476190476190477,0.02675791716216125,0.028760451755260874,-0.06183046748919879,0.0008240819908678532,0.42857618343961873
120,117,0.927952,0.21428571428571427,0.03176422436322035,0.033514679887957755,0.031889070384204396,0.0008231572341173888,0.46661934168889146
120,118,0.927648,0.16666666666666666,0.02201631628035372,0.024445933281640464,0.03189324012491852,0.0007599320029839875,0.393996588433011
121,118,0.9273440000000001,0.30952380952380953,0.013497287546964998,0.01591515308700764,0.031929223315091806,0.000749698281288147,0.3045177068247733
122,118,0.92704,0.47619047619047616,0.004328759144193839,0.00750940950729273,-0.030527649429859593,0.0007454673992469907,0.17412237433215735
123,118,0.926736,0.5952380952380952,0.017690804652939818,0.019877869046467822,0.0006508220336399973,0.0007438521599397064,0.3535534761673664
124,118,0.926432,0.2857142857142857,0.02264850890895831,0.0243122493266128,0.03187673209322384,0.0007427767617627979,0.3939978927401142
124,119,0.9261280000000001,0.6666666666666666,0.025806011309224886,0.02808035973839651,-0.06187864964595064,0.0007458987645804883,0.42856914072272945
125,119,0.925824,0.3333333333333333,0.02794041903868205,0.028937073051565676,0.12565949851123148,0.0008132848888635635,0.4143793259172051
125,120,0.92552,0.6190476190476191,0.022646634850713276,0.024757981909715454,0.031990414357278486,0.0008760762866586447,0.3939889131282715
125,121,0.925216,0.40476190476190477,0.017625626927515015,0.020011889536363014,0.000832750543486336,0.0009548100642859936,0.3535535307587534
125,122,0.924912,0.7142857142857143,0.026808152147986597,0.028902379880491935,0.06327832852257415,0.000958128971979022,0.4283650297744695
126,122,0.924608,0.47619047619047616,0.008777564707360241,0.011755983603507048,-0.06160375847830438,0.0009558890946209432,0.24229286770457964
127,122,0.924304,0.5,0.02276032847972287,0.024307217812747695,0.09455782713775987,0.0009550049435347319,0.3838093156707593
127,123,0.924,0.4523809523809524,0.017699527968654927,0.020044339660216792,0.06342768809990959,0.0010768873151391746,0.3478187932205919
127,124,0.923696,0.5238095238095238,0.026458629283065527,0.028781183759747364,-0.061607196283875953,0.0010992737021297218,0.42860883613306844
127,125,0.923392,0.35714285714285715,0.012914875632268341,0.015493657648221415,-0.09275494274916128,0.0010977450292557478,0.29180063941504103
127,126,0.923088,0.42857142857142855,0.02194703171605461,0.024161299708794104,0.03217505231441464,0.0010965821798890828,0.39397433951675254
128,126,0.922784,0.42857142857142855,0.02183566437228035,0.023841926520617562,-0.15532730687700677,0.0010936071630567312,0.36348925261038534
128,127,0.92248,0.3333333333333333,0.021870157371823795,0.02408444522438913,-0.0928816058964003,0.0010235276538878679,0.38421855960851964
129,127,0.922176,0.6190476190476191,0.026762342391248188,0.028831345377028583,-0.06171301436552312,0.0009642918128520251,0.4285933578043725
130,127,0.921872,0.7857142857142857,0.008780015442069189,0.011165142324898625,-0.06156032511789817,0.001003320049494505,0.24230408215967014
131,127,0.921568,0.3333333333333333,0.022324979064895167,0.024967402416677942,0.03209689962386621,0.001003803126513958,0.3939805059842251
131,128,0.921264,0.3333333333333333,0.02683833381311107,0.02937445407405903,0.06331436669570395,0.0010025274474173786,0.42835978710437755
131,129,0.92096,0.4523809523809524,0.02233068279297501,0.024749881053367062,0.03209341355541255,0.0010000999085605145,0.3939807811112868
132,129,0.920656,0.40476190476190477,0.023126114351174676,0.025069990682254684,0.09459041127702221,0.0009962452109903098,0.3838013694357152
133,129,0.9203520000000001,0.6190476190476191,0.017860213534623304,0.020270304889322688,0.06341240291076246,0.0010529265739023686,0.34782153325804177
133,130,0.920048,0.7619047619047619,0.027221537318376468,0.029593758031637662,0.06336859481525607,0.001069438923150301,0.4283518994403551
134,130,0.919744,0.5714285714285714,0.018286473712641537,0.020277144639749167,0.0009358130831969944,0.0010696047451347114,0.35355356752090955
134,131,0.91944,0.6190476190476191,0.009214651222988635,0.011174825582429548,0.0009451102814637125,0.0010005541145801545,0.250000119902839
135,131,0.919136,0.8095238095238095,0.021806748175407,0.024464623030894472,-0.030382061304408133,0.0010355543345212936,0.3941165102428037
135,132,0.918832,0.8095238095238095,0.017367569522235844,0.01946731389693923,-0.061574132036184885,0.0010585208889096974,0.3481516996338017
135,133,0.918528,0.2619047619047619,0.013001144990511124,0.015343791607506319,-0.030291893612593414,0.0010571856051683425,0.3046857628964818
136,133,0.918224,0.5476190476190477,0.03649834717615397,0.038459871402437784,0.06332110913353972,0.0011056451592594387,0.49597513708501784
136,134,0.9179200000000001,0.6904761904761905,0.004877253764364098,0.007326064054723247,0.03228681965556461,0.0010650111362338066,0.17380641885296114
137,134,0.917616,0.6428571428571429,0.026531051109937698,0.028704757316972973,-0.061678194242995234,0.0010017847642302515,0.42859845100199423
137,135,0.917312,0.6904761904761905,0.013060172587207042,0.015761172145630553,-0.09287209864414764,0.0009677403140813112,0.2917629581315258
138,135,0.917008,0.40476190476190477,9.46685014440174e-05,0.0029934555323052336,0.0009638487186748536,0.0009638663846999407,1.3270481623646076e-06
139,135,0.916704,0.42857142857142855,0.013525715127354676,0.015187242965566838,-0.030414570958237165,0.0009134017396718265,0.30467314412050206
139,136,0.9164,0.5238095238095238,0.017939194759532873,0.020161947003316527,0.0007910419750260245,0.0009021237958222628,0.35355351727493717
139,137,0.916096,0.21428571428571427,0.013500194291159562,0.015278108023494497,0.03207047877367586,0.000901948194950819,0.30450324737926243
140,137,0.915792,0.6428571428571429,0.01357962427179632,0.015601548128472587,0.032108487104414954,0.0009483009111136199,0.3044993568146014
140,138,0.915488,0.4523809523809524,0.008459588994815567,0.01112548117038159,-0.06161268720461521,0.0009465299546718598,0.24229056231876486
141,138,0.915184,0.40476190476190477,0.035045571320167106,0.0375064730604322,-0.06179245712992269,0.0009431442245841027,0.4961676730011755
142,138,0.91488,0.8095238095238095,0.01793258683037735,0.01998420729182726,-0.061688653030432763,0.0009310756344348193,0.3481310998195619
143,138,0.9145760000000001,0.8333333333333334,0.01807502566592989,0.020220686219090567,0.1258158871118212,0.0009343793615698815,0.33041053757744127
143,139,0.914272,0.5,0.008772190823223225,0.01095633546560748,0.000932157371425997,0.0009996877517551184,0.2500001162188992
143,140,0.913968,0.8095238095238095,0.02629394526752482,0.02859344490343574,0.0008181290846550823,0.0010070745833218099,0.4330128802496434
144,140,0.913664,0.8095238095238095,0.031035120499584845,0.03328764982722987,-0.15546541947405784,0.0010038731154054404,0.44111369427170105
145,140,0.91336,0.6428571428571429,0.022661190630890227,0.024943701847632838,0.03209395047160797,0.0010002087336033584,0.39398073873633227
146,140,0.913056,0.6190476190476191,0.0267127553287337,0.0284974697160969,0.06331023221428039,0.0009971624240279198,0.42836038853750796
146,141,0.912752,0.42857142857142855,0.022345889928236173,0.02445577702522428,-0.030364157148869707,0.001056744996458292,0.3941179370907972
146,142,0.912448,0.4523809523809524,0.00445127335224238,0.006966611623965946,0.03233369357185437,0.0011287989094853402,0.17379800083024882
147,142,0.9121440000000001,0.21428571428571427,0.013119068126854483,0.014999615482338413,-0.0302120167092653,0.0011455492582172155,0.30469398240223056
147,143,0.91184,0.2619047619047619,0.03109544748346238,0.03261489620331304,-0.030357584709418024,0.001142118312418461,0.466722011962237
147,144,0.911536,0.3333333333333333,0.0045358095759066575,0.006749903468175944,0.03235402490827254,0.0011395090259611607,0.17379434761179502
147,145,0.911232,0.40476190476190477,0.013593180677562768,0.01576887760858625,-0.030218785174656655,0.001138011645525694,0.30469328583767563
147,146,0.910928,0.47619047619047616,0.022495775220534253,0.02418599747190342,0.03220700652746017,0.0011340179480612278,0.393971819039144
148,146,0.910624,0.2857142857142857,0.012999219819304911,0.015536239482180747,-0.030225243166205472,0.0011304433923214675,0.30469262123786706
149,146,0.91032,0.7380952380952381,0.03937196636026829,0.041507059802743385,-0.030407479763380253,0.0011813135817646983,0.5294585662573296
149,147,0.910016,0.6904761904761905,0.018123114406931456,0.020513395728329442,0.0010566630226094345,0.001208145311102271,0.353553616169451
149,148,0.909712,0.9047619047619048,0.017501275416888017,0.0200440520947609,-0.061444290785584596,0.0012063407804816964,0.34817506066554493
150,148,0.909408,0.6190476190476191,0.02277879725565094,0.02486721270140002,-0.09282657799194567,0.0010812371037900448,0.38423201422560743
150,149,0.909104,0.23809523809523808,0.0261965002393625,0.028300141103557053,0.0007832428702386172,0.0009602186270058155,0.4330128654385088
151,149,0.9088,0.7619047619047619,0.03103709498604469,0.03285205633528676,-0.030505896059912635,0.0009522441774606706,0.46671200866269885
152,149,0.908496,0.2619047619047619,0.030827252043154382,0.033380548990180614,-0.09303754490392747,0.0008989423513412476,0.4583608464744329
152,150,0.908192,0.6666666666666666,0.022299069690481232,0.024621697044949542,-0.03047780356428119,0.000922840926796198,0.394108881732435
152,151,0.907888,0.30952380952380953,0.031725942608362256,0.03336289121170921,0.03198558490839787,0.0009419139474630357,0.4666129176817578
152,152,0.9075840000000001,0.38095238095238093,0.00910315727516986,0.01145844600023338,0.0008742598758544849,0.0009401403367519379,0.25000010231861264
153,152,0.90728,0.38095238095238093,0.013274936551381789,0.015790853741236788,-0.030463576968759305,0.0008640286512672902,0.3046681030147133
154,152,0.906976,0.7380952380952381,0.013481056200344455,0.015902019968052628,0.03206763524794952,0.000912022776901722,0.30450353846016665
155,152,0.906672,0.9523809523809523,0.004824872377787948,0.007448323992321093,0.0321490575268399,0.0009283017367124559,0.17383116084053238
156,152,0.9063680000000001,0.5476190476190477,0.026590202348534042,0.029092220675920544,0.0632540120917838,0.0009279754478484393,0.42836856757790753
156,153,0.906064,0.30952380952380953,0.008742268528849628,0.011086578122558421,0.0008692396571859835,0.000927351973950863,0.2500001007441416
156,154,0.90576,0.3333333333333333,0.0044365790390821225,0.006416804770196904,0.03216071731876582,0.0009261001367121934,0.17382906782275598
156,155,0.905456,0.21428571428571427,0.022390073428782298,0.024710103230518143,-0.030432209299760885,0.0009726400952786208,0.3941125140722514
157,155,0.905152,0.5476190476190477,0.035593700107699355,0.03768526331850808,-0.12437463307142024,0.0008032826706767082,0.4842844970328429
157,156,0.904848,0.5952380952380952,0.013198109983783013,0.01534123983583413,-0.030555189073493246,0.0007653134176507592,0.3046586830127578
157,157,0.904544,0.19047619047619047,0.009102067571554073,0.011054540195800655,0.0007140364032238826,0.0007616222836077214,0.25000006798067587
158,157,0.90424,0.7619047619047619,0.021839728242309064,0.0242274096044639,-0.15561198755167424,0.0007600903976708651,0.3633667456691225
158,158,0.9039360000000001,0.8095238095238095,0.027015071644513,0.02867763386166189,0.0006034405334503397,0.0007575945695862175,0.4330127994158321
158,159,0.903632,0.6904761904761905,0.017999039438413078,0.020602007909474196,0.0006601363973459257,0.0007541185477748513,0.3535534786359752
159,159,0.903328,0.5476190476190477,0.017047739193708722,0.019320572549986537,-0.06184211679792497,0.0007516676094383002,0.34810350074445934
159,160,0.903024,0.8809523809523809,0.02645508097178073,0.0286308916465714,-0.061890176635642995,0.0007504603359848261,0.42856745529757145
159,161,0.90272,0.6190476190476191,0.013402518997025936,0.015709224765487306,0.03193841680913465,0.0007496089441701771,0.3045167659000146
159,162,0.902416,0.5476190476190477,0.02715931149301909,0.02915958071480418,0.0006256489214138128,0.0007634095381945372,0.43301280653711793
159,163,0.902112,0.7619047619047619,0.01355526482183933,0.01593949254765903,-0.0306368038567598,0.0006750325672328473,0.3046502959947475
159,164,0.901808,0.7380952380952381,0.013164756383805098,0.015813672735930595,-0.03070617553457851,0.0005985083058476448,0.3046431636174634
159,165,0.901504,0.47619047619047616,0.026506439745084265,0.028315990996816254,-0.062016769460751686,0.0005946565186604858,0.42854895601921267
160,165,0.9012,0.6190476190476191,0.018260730731217478,0.020584285728546092,0.06301843769324478,0.0005925471428781749,0.3478922012424234
160,166,0.900896,0.5714285714285714,0.021438588038670048,0.023691813751611335,-0.09324189437174937,0.0005916344933211804,0.3841305186386013
160,167,0.9005920000000001,0.6904761904761905,0.013399810722958705,0.01625441896612756,-0.030654928409785495,0.0006586366333067417,0.3046484303894327
161,167,0.900288,0.40476190476190477,0.022339738748069493,0.024734638299378275,0.03180926650966285,0.0006628413684666157,0.3940032249426416
161,168,0.899984,0.5952380952380952,0.02203312204862229,0.024188902531022904,-0.030692105698108214,0.000661083939485252,0.3940918211947193
162,168,0.89968,0.5952380952380952,0.00890506063292662,0.01173918591302936,0.06314058358402688,0.0006826421944424511,0.24189606229269564
163,168,0.899376,0.47619047619047616,0.004573660956900483,0.00720047666800383,0.03195730701409047,0.0007314191665500403,0.1738656002707266
163,169,0.899072,0.7619047619047619,0.017728997629909315,0.02007866400253988,0.000610555734601808,0.0006891818251460792,0.3535534666190541
163,170,0.898768,0.21428571428571427,0.013448026040299155,0.016072614098447957,0.09439256559853675,0.0007164516253396869,0.2912739250567737
164,170,0.898464,0.5952380952380952,0.01757881499970626,0.019647159064788866,-0.06185150542005431,0.0007423551753163338,0.3481018125628939
165,170,0.8981600000000001,0.23809523809523808,0.012884635025804503,0.015514147185967886,-0.03057682385842781,0.0007428535027429461,0.3046564587998364
166,170,0.897856,0.40476190476190477,0.026414117935629644,0.029123882798103295,-0.0619082142424304,0.0007220527157187461,0.4285648190190941
166,171,0.897552,0.5476190476190477,0.017875931566045722,0.02029632823132488,0.06319135901721892,0.0008066716603934766,0.3478611803716663
166,172,0.897248,0.5714285714285714,0.0353894201620637,0.03753248859902669,-0.12437754414568189,0.0008176970295608044,0.4842837426694047
166,173,0.896944,0.7380952380952381,0.030788283186613308,0.03378837162813397,-0.15566816449572796,0.000721390312537551,0.44104178644890607
167,173,0.89664,0.35714285714285715,0.021627704982089657,0.024350509788519048,-0.15564635137998267,0.0007154709426686168,0.36335195791079006
167,174,0.896336,0.5,0.02264116060886434,0.02477521035280006,0.031896981557656565,0.000774272414855659,0.3939962932264758
167,175,0.896032,0.7142857142857143,0.027497936084408092,0.029536858859955828,0.06315463488572279,0.0008039197418838739,0.42838302917272775
167,176,0.895728,0.2619047619047619,0.008745008527871079,0.01146495491298083,-0.061752097992575736,0.0007956955116242171,0.24225456665117373
167,177,0.895424,0.47619047619047616,0.021417400499823103,0.02391418143952251,-0.09308213698677718,0.0007915449328720571,0.3841695516505912
167,178,0.89512,0.30952380952380953,0.027098670870641328,0.029627454358887917,0.0006163428974105024,0.0007515954552218319,0.43301280365078365
168,178,0.8948160000000001,0.5,0.021978203462619028,0.024135901957379247,-0.030639512516791007,0.0007216665893793107,0.3940960060810684
168,179,0.894512,0.5952380952380952,0.02679099262684126,0.029505124423849338,-0.12437344944337382,0.0007731332676485181,0.41476707719258865
169,179,0.894208,0.35714285714285715,0.013385209999757564,0.01605474855296052,-0.030586648829921615,0.0007263486972078682,0.3046554490427725
170,179,0.893904,0.9047619047619048,0.018465506584748326,0.02029443097535477,0.06311794106441085,0.000716734421439469,0.3478743482340546
170,180,0.8936000000000001,0.6190476190476191,0.018225457186528793,0.020303793111906998,0.06305227028933587,0.0006406132597476244,0.3478861314107101
171,180,0.893296,0.5714285714285714,0.018077940894714886,0.020115296445680997,0.06300807557126972,0.0005796952638775111,0.3478940606522887
172,180,0.892992,0.30952380952380953,0.008790745077251366,0.010884768783000709,-0.06195921785692917,0.0005767189664766193,0.24220108848734775
172,181,0.892688,0.6904761904761905,0.02216765443856837,0.02433779713135209,-0.0932644564367365,0.0005753801669925451,0.3841250064446835
173,181,0.8923840000000001,0.40476190476190477,0.02189036731563898,0.023939344996868783,-0.09326580712222493,0.0005737698171287775,0.3841246764788854
173,182,0.89208,0.2619047619047619,0.03578884790297186,0.037305351905047246,0.0004594615107634953,0.000620865123346448,0.5000000707394336
173,183,0.891776,0.2857142857142857,0.02188529664292932,0.02405111144946659,-0.030710956986877133,0.0006392672425135971,0.3940903214970568
174,183,0.891472,0.7619047619047619,0.03588577652343571,0.03730638393832564,0.06298251428524962,0.0006391290109604598,0.4960176543126106
175,183,0.891168,0.35714285714285715,0.009682460112873943,0.011780330140311435,0.06315499667543918,0.0007032433291897179,0.24189233989255376
175,184,0.890864,0.7380952380952381,0.031202033971978127,0.03314585014538807,0.09432407507847529,0.0007239339640364051,0.45809757871542844
176,184,0.89056,0.4523809523809524,0.04057547073752909,0.04122707138876791,-0.030649182444903993,0.0008387034293264151,0.5294441707082533
176,185,0.890256,0.30952380952380953,0.026897839853084717,0.02882438182589908,-0.061814574355958024,0.000843663513660431,0.42857850695392047
177,185,0.889952,0.5476190476190477,0.045337824273772864,0.046951395303722165,0.1880953942571068,0.0008786772843450308,0.5264224905372922
178,185,0.889648,0.42857142857142855,0.021978831570761415,0.023910741771487665,-0.0929869187559234,0.0009052796754986048,0.38419282017406453
179,185,0.889344,0.6904761904761905,0.013384027112699037,0.015227290927668946,-0.09292791797779501,0.0009071906562894583,0.2917450047414167
179,186,0.88904,0.7857142857142857,0.02623845701096883,0.028359650460515695,-0.06176455307286231,0.0009050213731825352,0.42858582067672746
179,187,0.888736,0.38095238095238093,0.02682662558615112,0.028816065212595277,0.0632475085760234,0.0009073834866285325,0.4283695142084184
179,188,0.888432,0.5476190476190477,0.013317064000553103,0.015741232697337182,0.03214146253012587,0.0009717059321701527,0.3044959831861587
180,188,0.888128,0.35714285714285715,0.04016467092562581,0.042020566412702465,0.0319966104667401,0.00103433676995337,0.5293647066225202
181,188,0.8878240000000001,0.7142857142857143,0.03525589511388166,0.037403398101218954,-0.12419797481270507,0.001079457113519311,0.4843301780096239
182,188,0.88752,0.35714285714285715,0.008603472329707276,0.01075711674343438,0.000981952273286877,0.001042813342064619,0.2500001295046444
182,189,0.887216,0.40476190476190477,0.03999025780533699,0.04195089246388761,0.032046079169958816,0.0010894479230046273,0.5293618149268817
182,190,0.886912,0.5238095238095238,0.03497880403601705,0.03743378037597722,-0.12406191270274577,0.001257904712110758,0.4843653741790692
183,190,0.8866080000000001,0.8571428571428571,0.030653035164510456,0.03267542198955198,-0.0927529914159095,0.0012762804049998523,0.45841919128341535
184,190,0.886304,0.5,0.030850359606066746,0.032835332971444586,-0.03022943309915717,0.0013113697059452534,0.46673066633315924
184,191,0.886,0.21428571428571427,0.004806488326696723,0.00788880652635271,0.03254151096625719,0.0013335330411791803,0.17376067412294696
185,191,0.885696,0.4523809523809524,0.03608852789593797,0.037782465102282003,0.06349881830683443,0.0013316725846379998,0.49595285084203966
186,191,0.885392,0.5238095238095238,0.012935798430223855,0.015373756990811671,-0.09254553997307084,0.001329015661031008,0.29186799041759703
187,191,0.885088,0.35714285714285715,0.02211162249676235,0.024375411834625993,-0.09263219604326879,0.001324460469186306,0.38427952993792414
187,192,0.884784,0.30952380952380953,0.022460901746654827,0.02415923225453298,-0.030149861017707738,0.0013193355407565832,0.3941350284820835
187,193,0.88448,0.5714285714285714,0.013182356685675245,0.016060789250332164,0.03241048096388113,0.001281107682734728,0.30446846672388395
188,193,0.8841760000000001,0.47619047619047616,0.035706582949583066,0.038001384751623846,-0.06149302872654516,0.00134399407543242,0.4962055618207684
188,194,0.883872,0.47619047619047616,0.01794193286611545,0.020448005367143196,0.0011461584421340377,0.0013064817525446416,0.35355365612346884
188,195,0.883568,0.4523809523809524,0.036221195173670395,0.03765014126292954,0.06351288189762273,0.0013544057030230763,0.4959510880852639
188,196,0.883264,0.6666666666666666,0.01776210213914453,0.02027850196827785,0.0011590873444220148,0.0013262443244457245,0.3535536622197724
188,197,0.88296,0.5,0.026620823276545025,0.02899027577132074,0.0010939646657789118,0.001346734305843711,0.43301302079235604
189,197,0.882656,0.8333333333333334,0.03514197815998621,0.03759870015892375,0.0010123737069079597,0.0013450420927256347,0.500000341710643
189,198,0.882352,0.40476190476190477,0.031869295930210484,0.034306340460716456,0.09484141890716274,0.0014010571409016849,0.45799195411843396
190,198,0.882048,0.35714285714285715,0.021407500810054714,0.024430250845398405,-0.0925333621795289,0.0014448092784732581,0.3843036970756548
190,199,0.881744,0.40476190476190477,0.0317958861925991,0.0337458280773717,0.15742749099445064,0.0015195834916085006,0.4404183921433684
190,200,0.88144,0.19047619047619047,0.017393039060311644,0.020073542818863643,-0.06116134068870452,0.0015301120467483998,0.34822598756493656
190,201,0.881136,0.7380952380952381,0.018078773866760933,0.020413047696820286,-0.0611623382254038,0.0015290777664631605,0.34822580797868796
191,201,0.8808320000000001,0.40476190476190477,0.01389533878474758,0.016379991272515326,0.0951321290776832,0.0015238675288856032,0.29103605607700117
192,201,0.880528,0.38095238095238093,0.009221093030081562,0.012167714598945167,0.001439073128858587,0.001531726634129882,0.2500002764742739
192,202,0.880224,0.38095238095238093,0.03533961322786361,0.037242745549519896,-0.12390373719099444,0.0014573761727660894,0.48440630369242227
192,203,0.87992,0.30952380952380953,0.009118069035850773,0.011335580371451215,-0.061238495825091374,0.001332905935123563,0.24238717973017296
193,203,0.879616,0.7380952380952381,0.02264996181623591,0.024598357638751622,0.09487655751581768,0.0013448536396026612,0.3837316032735245
193,204,0.879312,0.5952380952380952,0.034777199928225144,0.03742526669338986,-0.06147589962638449,0.0013658331707119943,0.49620773083570885
194,204,0.879008,0.5,0.03185926300963082,0.033428234501116094,0.03234301583142951,0.0014004617929458617,0.46658917547671597
194,205,0.878704,0.21428571428571427,0.009058825965142958,0.011434267540607834,0.06378162652254105,0.0013654039707034827,0.24173054464657068
194,206,0.8784000000000001,0.6190476190476191,0.026626275446815395,0.028560995973748504,0.0011277375859208398,0.0013937442563474178,0.4330130410958932
195,206,0.878096,0.6666666666666666,0.02704152482509059,0.029341897860831523,0.001108871202450245,0.0013613306917250158,0.43301302961458676
195,207,0.877792,0.21428571428571427,0.013320917582461789,0.015192354672763031,0.03249025885306765,0.0013572546653449536,0.30446031059250966
196,207,0.877488,0.5476190476190477,0.008667866957540404,0.010852851879462833,0.0013302327482961126,0.0014114921446889638,0.2500002363857832
196,208,0.877184,0.30952380952380953,0.017827369473119248,0.02042029764243125,0.001284989828127435,0.0014705690555274487,0.35355372421589526
196,209,0.87688,0.3333333333333333,0.02599315787959089,0.027869472462953127,0.0012241175601957316,0.0015115446876734495,0.43301310157788336
196,210,0.876576,0.5,0.022326847995177923,0.024435545083179022,-0.029959907211014068,0.001528862910345197,0.3941501953706231
197,210,0.876272,0.4523809523809524,0.03950782460394192,0.04105326114927266,-0.03019077748176641,0.0014562798198312521,0.529471508714784
198,210,0.875968,0.7142857142857143,0.035035089937745345,0.03742449761705302,0.0011433880310505705,0.0015127583406865598,0.5000004366571378
198,211,0.875664,0.5714285714285714,0.02218545527286353,0.024445843673220224,-0.029853367304895073,0.0016656545922160149,0.3941587103852593
198,212,0.87536,0.30952380952380953,0.018035207584026665,0.01979180776885414,0.12648339581792245,0.0016896355897188186,0.33015824312469993
198,213,0.8750560000000001,0.47619047619047616,0.01301479474199371,0.015090959193393871,-0.029670348798390474,0.0017422341741621496,0.3047497726729153
198,214,0.874752,0.4523809523809524,0.008379040926810577,0.011341610233898791,-0.060818928340449926,0.0017961500212550162,0.2424955100739116
198,215,0.874448,0.6190476190476191,0.03481154588703239,0.03731814373531961,-0.12362514311680571,0.001834313478320837,0.48447842525009543
198,216,0.874144,0.35714285714285715,0.017783734083571368,0.01974233338933118,-0.12339742895564997,0.0018276389688253402,0.3313246293066206
198,217,0.87384,0.3333333333333333,0.017149955155741026,0.020392005358189635,-0.12343557936837896,0.0017863217741250993,0.3313102093272128
198,218,0.873536,0.5,0.03938678364257875,0.041757250830414705,-0.09247026143711994,0.0017800213769078254,0.5222083198621478
199,218,0.873232,0.7857142857142857,0.021657884088568835,0.02470243879724876,-0.0921834320994094,0.001863736566156149,0.3843892874075099
199,219,0.872928,0.35714285714285715,0.031122988815333485,0.03353180530575628,-0.029770931950770317,0.0018935568630695345,0.46676170772014813
199,220,0.8726240000000001,0.2857142857142857,0.013817239594580144,0.016363275894036633,0.03295710458769463,0.0018910111859440804,0.3044126229606349
200,220,0.87232,0.47619047619047616,0.021782217618003585,0.02458019495679764,-0.029684917867416522,0.001852993667125702,0.39417218184746355
201,220,0.872016,0.30952380952380953,0.02240596611175505,0.025445209892495768,0.032858708559069784,0.0019143695943057539,0.3939205157746697
202,220,0.871712,0.7619047619047619,0.02684539324555857,0.02897205283807125,0.1265777354827151,0.001943076867610216,0.41410281434675683
203,220,0.871408,0.5952380952380952,0.013362517064223312,0.015980658670741832,-0.02945607024012132,0.0019802113063633444,0.3047718671869274
204,220,0.871104,0.5714285714285714,0.022432533111157227,0.02496469923426048,0.03291778752463869,0.0019770671613514425,0.3939158741118633
205,220,0.8708,0.6428571428571429,0.030819968197317138,0.03302754175456357,-0.029710012854775418,0.0019712514244019986,0.4667658414398017
205,221,0.870496,0.2619047619047619,0.030545161074520877,0.03352975481993781,-0.029704841627972198,0.0019675374962389467,0.4667661926527487
206,221,0.8701920000000001,0.16666666666666666,0.022430999501960258,0.02476431491322728,-0.029545607609907168,0.0020211856812238694,0.3941833329601959
206,222,0.869888,0.8809523809523809,0.031621913059424855,0.03329561987993657,0.09535649706958792,0.002068404108285904,0.45788693173048717
206,223,0.869584,0.23809523809523808,0.017599723590251415,0.02061169569788035,-0.06068283118656836,0.002077098749577999,0.34831217008739435
206,224,0.86928,0.40476190476190477,0.017770132513845738,0.019925336535379756,-0.06069115455611609,0.0020708683878183365,0.3483106704975909
206,225,0.868976,0.47619047619047616,0.021747974522412505,0.02523040979212965,-0.09205225565237923,0.0020073791965842247,0.3844213813117933
206,226,0.868672,0.40476190476190477,0.03127278967359359,0.03309763874676719,0.032811445870902387,0.0019992596469819547,0.46655817408839345
206,227,0.868368,0.3333333333333333,0.030570808044586784,0.03326770137391577,0.09529095040634274,0.0019673765636980534,0.45790028900979374
206,228,0.8680640000000001,0.35714285714285715,0.01784146339774395,0.020623371376132127,0.0018699542677495587,0.002148250211030245,0.35355409790194137
207,228,0.86776,0.5952380952380952,0.02163321722292011,0.02407292304087605,0.03310776614816859,0.0022089559584856037,0.3939009602069711
208,228,0.867456,0.6666666666666666,0.012967012128186184,0.016153409054822987,-0.029204940318595617,0.00226225508376956,0.30479777967322225
208,229,0.867152,0.6666666666666666,0.017299200036326567,0.020189525004752795,-0.12302057855413295,0.0022622047923505305,0.3314670648715727
208,230,0.8668480000000001,0.5,0.02729618953565449,0.030067382724155323,0.0643331165832933,0.002255844697356224,0.42821184696982795
209,230,0.866544,0.35714285714285715,8.033829128351044e-05,0.002607958624139428,0.0022534872347023337,0.002253632713109255,1.3835303060974092e-06
210,230,0.86624,0.42857142857142855,0.013304091801416007,0.016174917389434995,0.09579872186877766,0.002250166703015566,0.29082165795698395
211,230,0.865936,0.4523809523809524,0.017567131322820728,0.02060228154914512,-0.06044058134430088,0.00235732700675726,0.34835582859313946
211,231,0.865632,0.5,0.02726597072772563,0.029979268632814637,0.0019084537110757097,0.0023614968173205856,0.43301367275205066
211,232,0.865328,0.9523809523809523,0.02657782996686109,0.029264257613249356,0.0643932685838081,0.00231596976518631,0.42820312884371264
211,233,0.865024,0.21428571428571427,0.044437778170816955,0.04725832358417392,0.0016839479852933242,0.002457705419510603,0.5590181481703818
211,234,0.86472,0.6666666666666666,0.02246243248330515,0.025466500875154452,-0.09167313487268984,0.002461321745067835,0.38451417235715135
211,235,0.8644160000000001,0.8809523809523809,0.018084038054929863,0.02014029294878128,0.06460584395099432,0.0024059427902102474,0.34760775754097917
211,236,0.864112,0.42857142857142855,0.030938376600424533,0.033329645011690445,-0.09184429314918816,0.00243978975340724,0.4586057941481334
211,237,0.863808,0.35714285714285715,0.01387163191098395,0.016605519046606787,0.03346248102607205,0.0024415962398052216,0.30436107475136936
212,237,0.863504,0.5,0.02670015571024109,0.029690299862522807,-0.060521399060962724,0.0024353853426873685,0.42876797752682255
212,238,0.8632,0.21428571428571427,0.030483523513879618,0.033624504671024624,-0.15435574434231963,0.0024232820607721804,0.4415075277905466
213,238,0.862896,0.5,0.01829276994023843,0.021114283337738016,-0.122914600931108,0.002380683645606041,0.3315071222264195
214,238,0.862592,0.9047619047619048,0.009184593842867628,0.01193115378919174,0.06466558973188512,0.0023107771761715413,0.2415023066158108
215,238,0.862288,0.7380952380952381,0.02211753066634259,0.025347397142468253,0.03322237136890181,0.0023383463732898234,0.3938919708598511
215,239,0.8619840000000001,0.30952380952380953,0.022850624796959096,0.02557957601493399,-0.09181411262252367,0.0022869500331580642,0.3844796621928883
215,240,0.86168,0.7619047619047619,0.013916329979302589,0.01583301327082154,0.09580686501576566,0.0022696487605571745,0.2908190381857888
216,240,0.861376,0.5238095238095238,0.01773920560550124,0.020976355555831105,0.0019797048065811444,0.002262092661112547,0.35355418239896386
217,240,0.8610720000000001,0.5476190476190477,0.027120655852392872,0.029218781368399505,0.06434662759420463,0.0022650081664323807,0.42820988859009823
218,240,0.860768,0.38095238095238093,0.018489826890231598,0.020483083642830024,0.0020012212975416346,0.0022883434779942037,0.35355420019987865
219,240,0.860464,0.5952380952380952,0.03977601618883142,0.04198790319787804,0.03288022200576961,0.00226309634745121,0.5293133181678128
219,241,0.86016,0.6904761904761905,0.03120193558422102,0.03343405184750736,0.09558906941674648,0.0023634420707821847,0.45783955724604475
220,241,0.859856,0.8809523809523809,0.008757146831825935,0.011937972443774925,0.0022663684969302274,0.0024191283620893953,0.25000068487340144
220,242,0.859552,0.30952380952380953,0.05315220041789814,0.05510377791506471,0.12651096514891833,0.0024181297048926353,0.5991649426743243
221,242,0.859248,0.30952380952380953,0.02189567585637775,0.024650729375935043,-0.029137133597396312,0.002513576671481133,0.3942160814512491
221,243,0.858944,0.21428571428571427,0.01785982817821008,0.020065679762410582,0.0022145190974697457,0.0025310724973678592,0.3535543813688704
221,244,0.8586400000000001,0.7142857142857143,0.018559549364525196,0.020912410882374388,0.0022119724773801905,0.0025278686545789244,0.3535543790966661
221,245,0.858336,0.4523809523809524,0.009360071170156914,0.01205183009733446,0.002362838952103624,0.002519920375198126,0.2500007444118023
222,245,0.858032,0.8809523809523809,0.004369120888078726,0.007518633066865732,-0.028815645404392853,0.002511927951127291,0.17442985934368996
223,245,0.857728,0.6190476190476191,0.021595942381210875,0.024155861094186548,0.03338734926073813,0.0025168767198920253,0.3938790422718197
224,245,0.857424,0.5,0.022420447721337666,0.024566357027651975,-0.0915508441918064,0.0026081480085849763,0.38454411320365134
224,246,0.85712,0.35714285714285715,0.0047969680120090175,0.007892211779108038,-0.02881387546658516,0.002505802363157272,0.17443017872861294
224,247,0.856816,0.5714285714285714,0.02199049734010572,0.024881099450794864,-0.09165646921610461,0.0024803121574223045,0.38451825207333273
224,248,0.856512,0.7380952380952381,0.013272271388572676,0.016146788193509565,0.03350922812242062,0.002490836847573519,0.3043563110826567
225,248,0.8562080000000001,0.6428571428571429,0.026154921463444225,0.029084946247166954,-0.12293728318763897,0.0025268484838306907,0.4152007481802347
225,249,0.855904,0.4523809523809524,0.03575683629736659,0.0379225545002555,0.0019333674514200498,0.0025792052038013935,0.5000012459756044
226,249,0.8556,0.7857142857142857,0.017632507344046644,0.020145353435509605,0.002253794542048118,0.002575015462934971,0.35355441683911376
226,250,0.8552960000000001,0.5,0.017917477069602228,0.020863884059508564,0.06482253826688975,0.0026698423549532894,0.347568991806459
227,250,0.854992,0.2619047619047619,0.030429087881344685,0.03321677658823319,-0.154155416903086,0.0026805163361132145,0.44157867153823016
227,251,0.854688,0.6428571428571429,0.027206799290723893,0.02962286070396658,-0.060335871670395134,0.0026698472909629347,0.4287952274316818
227,252,0.854384,0.7619047619047619,0.01245584615449502,0.015688455048803007,-0.09139058747678064,0.0026006541214883333,0.29223946221207986
227,253,0.85408,0.16666666666666666,0.03110266142209639,0.03389022234841832,-0.029223209136398517,0.0025909338146448135,0.46679895264718235
228,253,0.853776,0.6428571428571429,0.009044835923788241,0.01237565279006958,0.0024130515870638214,0.0025827595032751564,0.250000777337533
229,253,0.853472,0.6666666666666666,0.03136188185342803,0.033867243240820244,-0.029245852259919047,0.002563362941145897,0.46679740938209546
229,254,0.853168,0.23809523809523808,0.013892613959853861,0.015966275066602975,-0.028965332690859213,0.002512875571846962,0.3048225215162428
230,254,0.8528640000000001,0.6666666666666666,0.029890889836877932,0.0333586113047204,-0.21680450360290707,0.002489645313471556,0.4144281022872087
230,255,0.85256,0.8571428571428571,0.022751853365747365,0.025070995950954966,0.03334228973835706,0.0024807602167129517,0.3938825714412854
230,256,0.852256,0.4523809523809524,0.02182736646346939,0.024689396435860544,-0.1541642199677881,0.0024717995896935464,0.3639897655214377
231,256,0.851952,0.16666666666666666,0.012899612988746867,0.015557305749098305,-0.09151365717989393,0.0024668549187481406,0.29219987877007036
231,257,0.851648,0.5952380952380952,0.013699274862801758,0.0163255101069808,-0.02902200600947254,0.0024615928530693056,0.30481666735527296
232,257,0.851344,0.30952380952380953,0.02249169759789993,0.025390502811205806,0.03327529575908555,0.0023982561193406585,0.3938878218558709
232,258,0.85104,0.4523809523809524,0.04012362840947503,0.042335916423326125,-0.09207595286425203,0.0023173376917839054,0.5222795409601287
233,258,0.850736,0.35714285714285715,0.021821422391070655,0.02432533104729373,-0.0918085455428809,0.002302542515099049,0.38448102454814204
233,259,0.8504320000000001,0.40476190476190477,0.021544643693317767,0.024450231783703202,-0.029305966396350414,0.0023035109974443913,0.39420253610786476
234,259,0.850128,0.6904761904761905,0.02711476253011824,0.02935689831065247,0.0018870478612370845,0.0023230019956827167,0.43301365095191785
234,260,0.849824,0.5,0.027083957259890212,0.030063533908105455,-0.06064041419303976,0.0022960868664085865,0.4287505060117412
235,260,0.84952,0.40476190476190477,0.017471825526655493,0.020288962754420936,-0.12304715873906388,0.0022256925702095033,0.33145701862383
235,261,0.849216,0.7380952380952381,0.017608478830737795,0.020657808363466756,0.06446168789989315,0.0022460689768195154,0.34763355575773447
236,261,0.848912,0.21428571428571427,0.026800809817331128,0.029253398841319722,0.001846641983138396,0.002273337263613939,0.4330136105760975
237,261,0.848608,0.7142857142857143,0.030499545211853274,0.03350609236440505,-0.1544735833304003,0.002273817081004381,0.44146568529499775
238,261,0.8483040000000001,0.5476190476190477,0.017748401363363087,0.021133841491973726,-0.12301081666955724,0.002273431606590748,0.3314707545128214
238,262,0.8480000000000001,0.16666666666666666,0.021937830415282633,0.024856867370544933,-0.09187628272920847,0.0022129638120532034,0.3844644455593721
239,262,0.847696,0.5,0.021551317444533424,0.02462884347914951,-0.09188326245057397,0.0022010602056980132,0.38446273725300273
240,262,0.847392,0.5476190476190477,0.03555210822818822,0.038023723693186184,-0.12334103769389912,0.0022024748846888546,0.4845520180479656
240,263,0.8470880000000001,0.6904761904761905,0.018140628769344858,0.02147055877139792,0.0019146171980537474,0.002187767531722784,0.3535541311887977
240,264,0.846784,0.38095238095238093,0.030028152945021702,0.033163341769977706,-0.21704245383734813,0.002185291424393654,0.4143021908539495
240,265,0.84648,0.5476190476190477,0.039736137503439295,0.04289832750146161,-0.02966585198882967,0.0021877996623516083,0.5295030019556027
241,265,0.846176,0.5,0.013306794612219619,0.01630405667674495,-0.02921512153116055,0.0022456571459770203,0.30479672858621104
241,266,0.845872,0.30952380952380953,0.030455546687107926,0.03360119446369936,-0.1544917426072061,0.002244166098535061,0.44145923782186064
242,266,0.845568,0.7380952380952381,0.027998843435511844,0.030313189156004228,0.06434823738527484,0.0022845080122351645,0.42820965537276956
242,267,0.845264,0.40476190476190477,0.0048213733524562485,0.008347809438419063,0.033412120369030164,0.002231223601847887,0.17360430813089406
243,267,0.84496,0.5952380952380952,0.022830564242781293,0.025859457142360043,0.033122433267999435,0.0022196450270712377,0.39389980919939915
244,267,0.8446560000000001,0.23809523809523808,0.03674962886623234,0.039274651440791786,0.1266596556350123,0.002212950587272644,0.4836951563161738
244,268,0.844352,0.7619047619047619,0.026670333328468132,0.029450122099660803,-0.06070402250043116,0.0022102314047515396,0.42874117080346963
244,269,0.844048,0.35714285714285715,0.017599779211252553,0.020929602869728114,0.001955448929220449,0.002236481569707394,0.353554163745638
244,270,0.843744,0.47619047619047616,0.017237243884267173,0.020728935014631134,-0.12301447737845592,0.002269263006746769,0.33146937089576
245,270,0.84344,0.7619047619047619,0.013221738163451846,0.016668134412611835,-0.02919553354149685,0.0022674397565424446,0.3047987504786897
246,270,0.843136,0.6904761904761905,0.026815666905577018,0.029925604001618922,0.0018366760981734821,0.0022614080458879474,0.433013600799891
247,270,0.842832,0.2857142857142857,0.02218802539397302,0.025159656346659176,-0.09187171980156564,0.002224343549460173,0.3844655627860213
248,270,0.842528,0.5,0.008623513687268769,0.012106947186111938,0.0020648169040214325,0.0022070455364882947,0.25000056920212
249,270,0.8422240000000001,0.47619047619047616,0.017866140197952518,0.02114221402007388,0.0019519130582921276,0.002230837289243937,0.35355416032198367
249,271,0.84192,0.3333333333333333,0.008829307065184366,0.012234851186804008,0.002087956585455687,0.0022275119088590147,0.2500005812816864
249,272,0.841616,0.6428571428571429,0.027005217222779265,0.029647110950463684,-0.060732478916179396,0.002175150904804468,0.4287369976994315
249,273,0.8413120000000001,0.3333333333333333,0.02659972603754568,0.029920774741185596,0.0016848355531692595,0.0020718889310956,0.43301345836165156
250,273,0.841008,0.5714285714285714,0.026730799457197918,0.029996910714544356,0.0016738715872634258,0.002059824299067259,0.4330134485006396
251,273,0.840704,0.4523809523809524,0.02218009450291447,0.025365356035763398,0.0955341284396127,0.002132583037018776,0.38357138109215666
251,274,0.8404,0.4523809523809524,0.012941246486377622,0.016634561459795805,-0.029253573127789426,0.002193413209170103,0.30479276080893125
252,274,0.840096,0.35714285714285715,0.030064129041818433,0.03339416360176983,-0.15449580313870684,0.002245514467358589,0.44145779598994167
253,274,0.839792,0.5714285714285714,0.009523222522602737,0.012728988200251479,0.06460520783439277,0.0022464421577751636,0.24151789681996486
254,274,0.839488,0.30952380952380953,0.02621015828049167,0.029894463092205115,0.001844177400926142,0.0022751369513571264,0.4330136086220998
254,275,0.839184,0.5952380952380952,0.035189956952706325,0.038452207099908264,0.0017634905758313838,0.0023589785210788253,0.5000010368244934
255,275,0.8388800000000001,0.6428571428571429,0.021402188516333354,0.02520791589631699,-0.09174167833989487,0.002366637531667948,0.3844973927279133
255,276,0.838576,0.35714285714285715,0.039465139578453545,0.04283788702377933,-0.09200049551436676,0.0024245722219347955,0.5222931815437697
255,277,0.838272,0.8095238095238095,0.036443747484156575,0.038824517381726764,0.12687595164170487,0.002497508469969034,0.4836395202926985
255,278,0.837968,0.5952380952380952,0.013992881438014138,0.016985835904051783,0.09605925360228865,0.0025489689782261854,0.2907378614934155
256,278,0.837664,0.21428571428571427,0.03596471022802916,0.03870210420791409,0.0019072542432695544,0.0025430889800190926,0.5000012125394478
256,279,0.83736,0.5476190476190477,0.027284988296571555,0.030264601391536416,0.002059220155933874,0.0025391150265932083,0.43301383187970743
256,280,0.837056,0.5238095238095238,0.008581025471642079,0.011860720358527033,-0.06013035901705734,0.0025276144035160544,0.24267329781116792
257,280,0.836752,0.7142857142857143,0.044430758752639576,0.046877779939677566,-0.12328361076652072,0.0024899805895984175,0.5452572209179415
257,281,0.8364480000000001,0.42857142857142855,0.01736287905964673,0.020605620589776663,-0.12290985587751493,0.0023783413693308835,0.3315089145300715
257,282,0.836144,0.6428571428571429,0.03131485916037491,0.034619095727975946,-0.02940471761976368,0.0023613644763827327,0.4667865905072231
257,283,0.83584,0.8095238095238095,0.026609774524672503,0.029481365469109733,0.06445238427841106,0.0024067223072052005,0.42819456062289185
257,284,0.8355360000000001,0.6428571428571429,0.0302821705931251,0.03356910840739147,-0.09182234656182117,0.0024649497121572495,0.45861030652498397
257,285,0.835232,0.5714285714285714,0.008680238371027826,0.012438869609468384,0.002405599894700572,0.0025752802379429346,0.25000077275526256
257,286,0.834928,0.5476190476190477,0.021852402018907924,0.02584457996999845,-0.09156149700284005,0.0025937815196812155,0.3845415046067004
257,287,0.834624,0.8095238095238095,0.026245907434912397,0.02983594590841676,0.0020840303914155985,0.00256731016561389,0.433013859298933
258,287,0.8343200000000001,0.23809523809523808,0.027528668672971435,0.030320856094476767,0.06459269331535324,0.0025759288109838963,0.4281742331796825
258,288,0.834016,0.7142857142857143,0.025701646501374853,0.02946697139122989,-0.06041089089703746,0.0025708250701427463,0.42878420657287597
259,288,0.833712,0.6666666666666666,0.022857988630676118,0.025944017495930893,0.09595227980171331,0.002615506574511528,0.3834695662992014
259,289,0.833408,0.8095238095238095,0.021643383175302233,0.025212748987542,-0.09154300388181581,0.00261493930593133,0.3845460327187159
259,290,0.8331040000000001,0.2619047619047619,0.012850857776641078,0.016411902692198055,-0.0913857986277435,0.0026076242327690126,0.29224100240146195
259,291,0.8328,0.6190476190476191,0.027323237733895667,0.030224477355659474,0.06461387268500403,0.0026021421886980537,0.42817116565843877
260,291,0.832496,0.42857142857142855,0.02184643070378911,0.025233878990547964,-0.15408537309849635,0.0025538649410009385,0.3640236966685038
261,291,0.832192,0.16666666666666666,0.02657781958146188,0.029722297524131136,0.0020441830041818196,0.002515510004013777,0.43301381539036876
262,291,0.831888,0.47619047619047616,0.017952950546430202,0.021520656777283875,0.0021947674627881483,0.0025079602375626567,0.35355436377655175
263,291,0.831584,0.5,0.017997213792824596,0.021472587581229163,0.0021826490061357708,0.002493840549141169,0.3535543531374393
263,292,0.83128,0.35714285714285715,0.0261459622100233,0.0292355914170912,-0.06047335176263005,0.0024942609481513503,0.4287750329361983
263,293,0.830976,0.6190476190476191,0.03971548453469609,0.04270392374746734,-0.09196093684877268,0.0024880095385015014,0.5223003343949244
264,293,0.8306720000000001,0.2857142857142857,0.009563143968193799,0.012877849017968401,0.002319299656664945,0.0024836200289428236,0.2500007177465181
264,294,0.830368,0.5238095238095238,0.009148921461502368,0.012417624275258277,0.0022647591831628233,0.0024134636856615547,0.2500006839753649
264,295,0.830064,0.35714285714285715,0.02669408091725245,0.029879178258852335,0.001954137958819043,0.0024050578474998476,0.4330137194485913
264,296,0.82976,0.8571428571428571,0.022561031938380438,0.024822532381222118,0.03327310516615397,0.002397884521633387,0.3938879934519236
264,297,0.829456,0.6904761904761905,0.02668626063963586,0.02996897327102488,0.0019427374936640332,0.002390903048217297,0.4330137076106413
264,298,0.829152,0.23809523809523808,0.01798730115663716,0.021430998202049523,0.0020887701713945793,0.0023858191445469855,0.3535542720746272
264,299,0.828848,0.21428571428571427,0.02604043678748269,0.029869522895751288,-0.060567062167683615,0.0023765813559293745,0.4287612732960556
264,300,0.8285440000000001,0.8095238095238095,0.03184160792578439,0.03455546287477773,-0.029360918985912587,0.002421003021299839,0.4667895719436222
264,301,0.8282400000000001,0.5476190476190477,0.03575382234561175,0.0386827492438897,0.06427715671015902,0.0023762541823089123,0.4958554818002985
265,301,0.827936,0.6428571428571429,0.021642625072885835,0.025130920916126342,-0.1542135443072766,0.0024138836190104483,0.36396853970725557
265,302,0.827632,0.21428571428571427,0.02750624722369821,0.02993655638420023,0.06449734750785865,0.0024671093560755253,0.42818804560762
265,303,0.8273280000000001,0.5714285714285714,0.009223138297386413,0.0124190832284512,0.002270184352528303,0.002415068354457617,0.25000068773145623
265,304,0.827024,0.7380952380952381,0.027409756444086497,0.03049627616201178,0.0019412711437325966,0.002399371098726988,0.4330137063962803
266,304,0.82672,0.40476190476190477,0.022574607627035448,0.02561938701182953,0.0332165460626129,0.0023289102129638193,0.3938924276775204
267,304,0.826416,0.6666666666666666,0.018003104922854618,0.021450476120662643,-0.06047720646020025,0.002321180701255798,0.3483492270093654
268,304,0.826112,0.4523809523809524,0.012887035575971595,0.016390307453548303,-0.029193783650407566,0.0022636025212705137,0.30479893140133224
268,305,0.825808,0.5476190476190477,0.017875226854698667,0.02145216963981511,0.002016164746601129,0.0023049658164381983,0.3535542118339705
269,305,0.825504,0.5,0.022506025615797398,0.025754324731678935,0.033192377438535904,0.0023018402978777887,0.3938943228634813
270,305,0.8252,0.5714285714285714,0.017078742427514726,0.02084119591745548,-0.12299021466169506,0.002296086400747299,0.3314785413433166
271,305,0.8248960000000001,0.5476190476190477,0.018009506786825114,0.021171121530642267,0.0020067150879185675,0.0022934870794415474,0.35355420415174216
272,305,0.824592,0.5714285714285714,0.02183398969668815,0.025353778630233137,-0.0292934767960105,0.002324299793690443,0.3942035380237243
273,305,0.824288,0.5952380952380952,0.03222670687058837,0.03445795964944409,0.09558091345825231,0.0023440862074494365,0.45784121685969176
274,305,0.823984,0.5714285714285714,0.03539770940875542,0.03817470826106728,0.001755253178998828,0.0023405129089951516,0.5000010269720412
275,305,0.82368,0.5952380952380952,0.004429072843166182,0.007907270573923597,-0.028990295645780862,0.002332498412579298,0.17439849124242893
275,306,0.823376,0.21428571428571427,0.021809032366050474,0.024945585220848443,-0.09179057822912001,0.0023222817108035088,0.38448542245434375
276,306,0.823072,0.5952380952380952,0.018363586745010707,0.021093628458402236,0.06452167177340015,0.0023107689805328844,0.3476228198978764
276,307,0.822768,0.30952380952380953,0.01775736639973502,0.020990179651562357,-0.06048435027478263,0.0023033441044390205,0.34834793902456296
276,308,0.8224640000000001,0.5238095238095238,0.021717962924725498,0.02523665091575822,-0.1543095141707454,0.002299774531275034,0.3639272408524458
276,309,0.82216,0.6904761904761905,0.02207582154946408,0.02509014448878588,0.03321745512657799,0.0023389455862343313,0.3938923568846319
277,309,0.821856,0.5476190476190477,0.030552021852940925,0.03386551543007954,-0.02939122496754862,0.002367418259382248,0.46678750909262
278,309,0.8215520000000001,0.19047619047619047,0.022524865173409125,0.025722778111230582,0.03328613009070978,0.0024138540960848332,0.39388697251369814
279,309,0.821248,0.5476190476190477,0.013445096267361123,0.01671267665369669,-0.029068618646124377,0.0024079797789454465,0.30481185362139446
280,309,0.820944,0.5714285714285714,0.022596286187408055,0.025358127828440047,0.033231245726346975,0.0023439230397343637,0.39389127526776935
281,309,0.82064,0.2619047619047619,0.029878488738532383,0.03309071849253087,-0.09189595900243148,0.0023407381027936935,0.45859517445340703
281,310,0.820336,0.40476190476190477,0.013286422365737849,0.01657207107564318,0.033475355646805836,0.0024564798921346666,0.30435976262085823
282,310,0.820032,0.30952380952380953,0.017412237252329987,0.021063914842670783,-0.06030646900762804,0.002511493396013975,0.3483800063831253
282,311,0.819728,0.6904761904761905,0.02638519792931504,0.02909932917827973,-0.06048004160984419,0.0024782439693808557,0.42877405113656303
283,311,0.819424,0.40476190476190477,0.018306936089473425,0.02165421010067803,0.0021346729830838823,0.0024385306984186176,0.3535543112358107
283,312,0.8191200000000001,0.5952380952380952,0.022022889633376508,0.025489449049928226,-0.02919782072422094,0.002431665174663067,0.39421121066128906
283,313,0.818816,0.38095238095238093,0.02717871060667676,0.03018451364187058,0.06453207019367256,0.002514665108174086,0.42818301559523714
283,314,0.818512,0.35714285714285715,0.026917900880818024,0.029896936004661256,0.06460370990098455,0.0025992324575781827,0.4281726378490075
283,315,0.818208,0.42857142857142855,0.03555096590514495,0.038507093995576724,0.001989523280644792,0.00265857120975852,0.5000013195914901
284,315,0.817904,0.6190476190476191,0.013308986160609493,0.01655827961076284,-0.02883860045112669,0.002660229615867138,0.3048356139221051
284,316,0.8176,0.42857142857142855,0.01761876871159984,0.021128654123458546,-0.1226857009693049,0.0026480799540877344,0.33159363688463805
285,316,0.817296,0.8571428571428571,0.013323785545082956,0.01692355737395701,0.0336310938349925,0.00263087609782815,0.3043438938076801
286,316,0.816992,0.47619047619047616,0.01716502480167037,0.020882444296148606,-0.12270051154773681,0.002627078257501125,0.3315880388414323
287,316,0.8166880000000001,0.40476190476190477,0.02738234579027221,0.029878273173380876,0.0021279724431224134,0.0026188757270574573,0.43301390853716515
287,317,0.816384,0.30952380952380953,0.027155294304321842,0.029800215113937156,0.002112046326510599,0.002612052205950022,0.4330138908874877
287,318,0.81608,0.42857142857142855,0.0175585604188484,0.021076987410197034,-0.0602789651195053,0.002534623723477125,0.3483849654286766
287,319,0.8157760000000001,0.40476190476190477,0.02594475947583419,0.02934779512725072,-0.06042739772237837,0.0025428112596273425,0.4287817824387163
288,319,0.815472,0.4523809523809524,0.027386482270145507,0.030352434023370733,0.0020948970923200215,0.0025850382633507253,0.4330138714603891
288,320,0.815168,0.6428571428571429,0.031084844167168058,0.033995902180322446,-0.02928142413729802,0.002517175208777189,0.4667949856491653
288,321,0.814864,0.7619047619047619,0.035526106828200454,0.03831362111668568,-0.06063874254468829,0.0024829525500535965,0.49631397574914793
288,322,0.8145600000000001,0.5476190476190477,0.030996674376069677,0.03412877728624153,0.0956973389198538,0.002508093230426312,0.45781751197020426
289,322,0.8142560000000001,0.8333333333333334,0.017671908223320543,0.0211573943051917,-0.12278479487868026,0.0025318058207631114,0.33155618320825425
290,322,0.813952,0.3333333333333333,0.01340239172949964,0.016828001447720453,0.033534771122504026,0.0025280401110649112,0.3043537080539057
291,322,0.813648,0.6428571428571429,0.018032342977591043,0.021456204711284954,0.002222413051640622,0.002539835684001446,0.35355438844579984
292,322,0.8133440000000001,0.47619047619047616,0.02281149079740885,0.025224339948181296,0.09588912763283589,0.002535568363964558,0.3834849390218657
292,323,0.81304,0.47619047619047616,0.013177853868441503,0.016466599627165124,-0.028959759033750743,0.0025269228965044024,0.30482309652002754
292,324,0.812736,0.5952380952380952,0.02196947792194237,0.024945258684965665,-0.15412539612152615,0.0025180156342685224,0.3640064726811504
292,325,0.812432,0.38095238095238093,0.017637021114552454,0.020876018334092805,-0.060352047398919244,0.0024483349174261094,0.348371788989787
292,326,0.812128,0.6904761904761905,0.022067823730168357,0.025417507651582127,0.03333679987117647,0.002484830934554339,0.39388300207104326
293,326,0.811824,0.9761904761904762,0.013051954814443434,0.016435114870546386,-0.028990989131852985,0.0024915850721299653,0.30481987075855843
293,327,0.81152,0.35714285714285715,0.017264463821192066,0.0204275541655079,0.0022339085524436114,0.0025433780625462536,0.35355439947415457
293,328,0.811216,0.5714285714285714,0.04024076693929146,0.04286777788729523,0.033130589802749466,0.0026107687503099447,0.529298861562864
293,329,0.8109120000000001,0.35714285714285715,0.039328124354113925,0.04248932247355697,-0.029324233817169438,0.002670112438499928,0.529523606074048
294,329,0.810608,0.5,0.037147668940150425,0.03919703519932227,0.12705193155561573,0.0027380323037505152,0.48359427276139505
294,330,0.810304,0.2619047619047619,0.01777903573901085,0.02120040672525647,0.0023790409904904525,0.0027191448956727982,0.3535545340583706
294,331,0.81,0.6190476190476191,0.013885155456961229,0.01683697639600723,0.03375248709926382,0.0027664472348988057,0.3043315297494017
